scope,case,pattern,i_upper,i_lower,n_upper,n_lower,mode,N,batches,samples,cpu_hz,budget_cycles,budget_us,t_min_cycles,t_avg_cycles,t_max_cycles,t_min_us,t_avg_us,t_max_us,c_min_cycles,c_avg_cycles,c_max_cycles,c_min_us,c_avg_us,c_max_us,l_min_cycles,l_avg_cycles,l_max_cycles,l_min_us,l_avg_us,l_max_us,period_min_cycles,period_avg_cycles,period_max_cycles,period_avg_us,period_jitter_cycles,period_jitter_us,worst_latency_plus_body_cycles,worst_latency_plus_body_us,slack_cycles,slack_us,utilization_pct,overruns,deadline
1,0,ascending,1,1,0,5,3,5,3,3000,170000000,34000,200.0,743,744.0,751,4.370588235294117,4.376470588235295,4.41764705882353,1446,1449.0,1463,8.505882352941176,8.523529411764706,8.605882352941176,0,557.0,595,0.0,3.276470588235294,3.5,33955,34000.666666666664,36483,200.00392156862745,2528,14.870588235294118,2058,12.105882352941176,31942,187.89411764705883,6.052941176470588,0,PASS
1,1,ascending,1,1,1,4,3,5,3,3000,170000000,34000,200.0,743,744.0,751,4.370588235294117,4.376470588235295,4.41764705882353,1446,1449.3333333333333,1463,8.505882352941176,8.525490196078431,8.605882352941176,544,557.3333333333334,595,3.2,3.27843137254902,3.5,33955,34000.0,34042,200.0,87,0.5117647058823529,2058,12.105882352941176,31942,187.89411764705883,6.052941176470588,0,PASS
1,2,ascending,1,1,2,3,3,5,3,3000,170000000,34000,200.0,743,744.0,751,4.370588235294117,4.376470588235295,4.41764705882353,1446,1449.0,1463,8.505882352941176,8.523529411764706,8.605882352941176,544,557.0,578,3.2,3.276470588235294,3.4,33960,34000.0,34043,200.0,83,0.48823529411764705,2041,12.005882352941176,31959,187.99411764705883,6.002941176470588,0,PASS
1,3,ascending,1,1,3,2,3,5,3,3000,170000000,34000,200.0,743,744.0,751,4.370588235294117,4.376470588235295,4.41764705882353,1446,1449.3333333333333,1463,8.505882352941176,8.525490196078431,8.605882352941176,544,557.3333333333334,595,3.2,3.27843137254902,3.5,33957,34000.0,34040,200.0,83,0.48823529411764705,2058,12.105882352941176,31942,187.89411764705883,6.052941176470588,0,PASS
1,4,ascending,1,1,4,1,3,5,3,3000,170000000,34000,200.0,743,744.0,751,4.370588235294117,4.376470588235295,4.41764705882353,1446,1449.0,1463,8.505882352941176,8.523529411764706,8.605882352941176,544,557.0,595,3.2,3.276470588235294,3.5,33941,34000.0,34036,200.0,95,0.5588235294117647,2058,12.105882352941176,31942,187.89411764705883,6.052941176470588,0,PASS
1,5,ascending,1,1,5,0,3,5,3,3000,170000000,34000,200.0,743,744.0,751,4.370588235294117,4.376470588235295,4.41764705882353,1446,1449.3333333333333,1463,8.505882352941176,8.525490196078431,8.605882352941176,544,557.3333333333334,595,3.2,3.27843137254902,3.5,33957,34000.0,34043,200.0,86,0.5058823529411764,2058,12.105882352941176,31942,187.89411764705883,6.052941176470588,0,PASS
1,6,ascending,-1,-1,0,5,3,5,3,3000,170000000,34000,200.0,752,753.0,758,4.423529411764706,4.429411764705883,4.458823529411765,1464,1467.0,1479,8.611764705882353,8.629411764705882,8.7,544,557.3333333333334,595,3.2,3.27843137254902,3.5,33960,34000.0,34042,200.0,82,0.4823529411764706,2074,12.2,31926,187.8,6.1,0,PASS
1,7,ascending,-1,-1,1,4,3,5,3,3000,170000000,34000,200.0,752,753.0,758,4.423529411764706,4.429411764705883,4.458823529411765,1464,1467.0,1479,8.611764705882353,8.629411764705882,8.7,544,557.0,595,3.2,3.276470588235294,3.5,33960,34000.0,34040,200.0,80,0.47058823529411764,2074,12.2,31926,187.8,6.1,0,PASS
1,8,ascending,-1,-1,2,3,3,5,3,3000,170000000,34000,200.0,752,753.0,758,4.423529411764706,4.429411764705883,4.458823529411765,1464,1467.0,1479,8.611764705882353,8.629411764705882,8.7,544,557.3333333333334,595,3.2,3.27843137254902,3.5,33956,34000.0,34040,200.0,84,0.49411764705882355,2074,12.2,31926,187.8,6.1,0,PASS
1,9,ascending,-1,-1,3,2,3,5,3,3000,170000000,34000,200.0,752,753.0,758,4.423529411764706,4.429411764705883,4.458823529411765,1464,1467.0,1479,8.611764705882353,8.629411764705882,8.7,544,557.0,578,3.2,3.276470588235294,3.4,33960,34000.0,34041,200.0,81,0.4764705882352941,2057,12.1,31943,187.9,6.05,0,PASS
1,10,ascending,-1,-1,4,1,3,5,3,3000,170000000,34000,200.0,752,753.0,758,4.423529411764706,4.429411764705883,4.458823529411765,1464,1467.0,1479,8.611764705882353,8.629411764705882,8.7,544,557.3333333333334,595,3.2,3.27843137254902,3.5,33958,34000.0,34045,200.0,87,0.5117647058823529,2074,12.2,31926,187.8,6.1,0,PASS
1,11,ascending,-1,-1,5,0,3,5,3,3000,170000000,34000,200.0,752,753.0,758,4.423529411764706,4.429411764705883,4.458823529411765,1464,1467.0,1479,8.611764705882353,8.629411764705882,8.7,544,557.3333333333334,595,3.2,3.27843137254902,3.5,33960,34000.0,34040,200.0,80,0.47058823529411764,2074,12.2,31926,187.8,6.1,0,PASS
1,12,ascending,1,-1,0,5,3,5,3,3000,170000000,34000,200.0,743,744.0,751,4.370588235294117,4.376470588235295,4.41764705882353,1446,1449.0,1463,8.505882352941176,8.523529411764706,8.605882352941176,544,557.0,578,3.2,3.276470588235294,3.4,33960,34000.0,34040,200.0,80,0.47058823529411764,2041,12.005882352941176,31959,187.99411764705883,6.002941176470588,0,PASS
1,13,ascending,1,-1,1,4,3,5,3,3000,170000000,34000,200.0,743,744.0,751,4.370588235294117,4.376470588235295,4.41764705882353,1446,1449.3333333333333,1463,8.505882352941176,8.525490196078431,8.605882352941176,527,557.3333333333334,595,3.1,3.27843137254902,3.5,33958,34000.0,34044,200.0,86,0.5058823529411764,2058,12.105882352941176,31942,187.89411764705883,6.052941176470588,0,PASS
1,14,ascending,1,-1,2,3,3,5,3,3000,170000000,34000,200.0,743,744.0,751,4.370588235294117,4.376470588235295,4.41764705882353,1446,1449.0,1463,8.505882352941176,8.523529411764706,8.605882352941176,544,557.0,578,3.2,3.276470588235294,3.4,33960,34000.0,34040,200.0,80,0.47058823529411764,2041,12.005882352941176,31959,187.99411764705883,6.002941176470588,0,PASS
1,15,ascending,1,-1,3,2,3,5,3,3000,170000000,34000,200.0,743,744.0,751,4.370588235294117,4.376470588235295,4.41764705882353,1446,1449.3333333333333,1463,8.505882352941176,8.525490196078431,8.605882352941176,544,557.3333333333334,595,3.2,3.27843137254902,3.5,33960,34000.0,34040,200.0,80,0.47058823529411764,2058,12.105882352941176,31942,187.89411764705883,6.052941176470588,0,PASS
1,16,ascending,1,-1,4,1,3,5,3,3000,170000000,34000,200.0,743,744.0,751,4.370588235294117,4.376470588235295,4.41764705882353,1446,1449.3333333333333,1463,8.505882352941176,8.525490196078431,8.605882352941176,544,557.3333333333334,595,3.2,3.27843137254902,3.5,33960,34000.0,34044,200.0,84,0.49411764705882355,2058,12.105882352941176,31942,187.89411764705883,6.052941176470588,0,PASS
1,17,ascending,1,-1,5,0,3,5,3,3000,170000000,34000,200.0,743,744.0,751,4.370588235294117,4.376470588235295,4.41764705882353,1446,1449.0,1463,8.505882352941176,8.523529411764706,8.605882352941176,544,557.0,578,3.2,3.276470588235294,3.4,33960,34000.0,34040,200.0,80,0.47058823529411764,2041,12.005882352941176,31959,187.99411764705883,6.002941176470588,0,PASS
1,18,ascending,-1,1,0,5,3,5,3,3000,170000000,34000,200.0,752,753.0,758,4.423529411764706,4.429411764705883,4.458823529411765,1455,1458.0,1470,8.558823529411764,8.576470588235294,8.647058823529411,544,557.3333333333334,578,3.2,3.27843137254902,3.4,33960,34000.0,34036,200.0,76,0.4470588235294118,2048,12.047058823529412,31952,187.95294117647057,6.023529411764706,0,PASS
1,19,ascending,-1,1,1,4,3,5,3,3000,170000000,34000,200.0,752,753.0,758,4.423529411764706,4.429411764705883,4.458823529411765,1455,1458.0,1470,8.558823529411764,8.576470588235294,8.647058823529411,544,557.0,578,3.2,3.276470588235294,3.4,33959,34000.0,34040,200.0,81,0.4764705882352941,2048,12.047058823529412,31952,187.95294117647057,6.023529411764706,0,PASS
1,20,ascending,-1,1,2,3,3,5,3,3000,170000000,34000,200.0,752,753.0,758,4.423529411764706,4.429411764705883,4.458823529411765,1455,1458.0,1470,8.558823529411764,8.576470588235294,8.647058823529411,544,557.3333333333334,595,3.2,3.27843137254902,3.5,33953,34000.0,34040,200.0,87,0.5117647058823529,2065,12.147058823529411,31935,187.85294117647058,6.0735294117647065,0,PASS
1,21,ascending,-1,1,3,2,3,5,3,3000,170000000,34000,200.0,752,753.0,758,4.423529411764706,4.429411764705883,4.458823529411765,1455,1458.0,1470,8.558823529411764,8.576470588235294,8.647058823529411,544,557.3333333333334,595,3.2,3.27843137254902,3.5,33958,34000.0,34040,200.0,82,0.4823529411764706,2065,12.147058823529411,31935,187.85294117647058,6.0735294117647065,0,PASS
1,22,ascending,-1,1,4,1,3,5,3,3000,170000000,34000,200.0,752,753.0,758,4.423529411764706,4.429411764705883,4.458823529411765,1455,1458.0,1470,8.558823529411764,8.576470588235294,8.647058823529411,544,557.0,595,3.2,3.276470588235294,3.5,33960,34000.0,34050,200.0,90,0.5294117647058824,2065,12.147058823529411,31935,187.85294117647058,6.0735294117647065,0,PASS
1,23,ascending,-1,1,5,0,3,5,3,3000,170000000,34000,200.0,752,753.0,758,4.423529411764706,4.429411764705883,4.458823529411765,1455,1458.0,1470,8.558823529411764,8.576470588235294,8.647058823529411,544,557.3333333333334,595,3.2,3.27843137254902,3.5,33956,34000.0,34042,200.0,86,0.5058823529411764,2065,12.147058823529411,31935,187.85294117647058,6.0735294117647065,0,PASS
1,24,ascending,0,0,0,5,3,5,3,3000,170000000,34000,200.0,743,744.0,751,4.370588235294117,4.376470588235295,4.41764705882353,1446,1449.0,1463,8.505882352941176,8.523529411764706,8.605882352941176,544,557.0,595,3.2,3.276470588235294,3.5,33940,34000.0,34040,200.0,100,0.5882352941176471,2058,12.105882352941176,31942,187.89411764705883,6.052941176470588,0,PASS
1,25,ascending,0,0,1,4,3,5,3,3000,170000000,34000,200.0,743,744.0,751,4.370588235294117,4.376470588235295,4.41764705882353,1446,1449.3333333333333,1463,8.505882352941176,8.525490196078431,8.605882352941176,544,557.3333333333334,595,3.2,3.27843137254902,3.5,33960,34000.0,34042,200.0,82,0.4823529411764706,2058,12.105882352941176,31942,187.89411764705883,6.052941176470588,0,PASS
1,26,ascending,0,0,2,3,3,5,3,3000,170000000,34000,200.0,743,744.0,751,4.370588235294117,4.376470588235295,4.41764705882353,1446,1449.3333333333333,1463,8.505882352941176,8.525490196078431,8.605882352941176,544,557.3333333333334,578,3.2,3.27843137254902,3.4,33960,34000.0,34044,200.0,84,0.49411764705882355,2041,12.005882352941176,31959,187.99411764705883,6.002941176470588,0,PASS
1,27,ascending,0,0,3,2,3,5,3,3000,170000000,34000,200.0,743,744.0,751,4.370588235294117,4.376470588235295,4.41764705882353,1446,1449.0,1463,8.505882352941176,8.523529411764706,8.605882352941176,544,557.0,578,3.2,3.276470588235294,3.4,33960,34000.0,34040,200.0,80,0.47058823529411764,2041,12.005882352941176,31959,187.99411764705883,6.002941176470588,0,PASS
1,28,ascending,0,0,4,1,3,5,3,3000,170000000,34000,200.0,743,744.0,751,4.370588235294117,4.376470588235295,4.41764705882353,1446,1449.3333333333333,1463,8.505882352941176,8.525490196078431,8.605882352941176,544,557.3333333333334,595,3.2,3.27843137254902,3.5,33960,34000.0,34040,200.0,80,0.47058823529411764,2058,12.105882352941176,31942,187.89411764705883,6.052941176470588,0,PASS
1,29,ascending,0,0,5,0,3,5,3,3000,170000000,34000,200.0,743,744.0,751,4.370588235294117,4.376470588235295,4.41764705882353,1446,1449.0,1463,8.505882352941176,8.523529411764706,8.605882352941176,544,557.0,578,3.2,3.276470588235294,3.4,33960,34000.0,34040,200.0,80,0.47058823529411764,2041,12.005882352941176,31959,187.99411764705883,6.002941176470588,0,PASS
1,30,descending,1,1,0,5,3,5,3,3000,170000000,34000,200.0,788,789.0,796,4.635294117647059,4.641176470588236,4.682352941176471,1491,1494.3333333333333,1508,8.770588235294118,8.790196078431372,8.870588235294118,544,557.3333333333334,595,3.2,3.27843137254902,3.5,33960,34000.0,34040,200.0,80,0.47058823529411764,2103,12.370588235294118,31897,187.62941176470588,6.185294117647059,0,PASS
1,31,descending,1,1,1,4,3,5,3,3000,170000000,34000,200.0,788,789.0,796,4.635294117647059,4.641176470588236,4.682352941176471,1491,1494.3333333333333,1508,8.770588235294118,8.790196078431372,8.870588235294118,544,557.3333333333334,578,3.2,3.27843137254902,3.4,33960,34000.0,34044,200.0,84,0.49411764705882355,2086,12.270588235294118,31914,187.72941176470587,6.135294117647059,0,PASS
1,32,descending,1,1,2,3,3,5,3,3000,170000000,34000,200.0,788,789.0,796,4.635294117647059,4.641176470588236,4.682352941176471,1491,1494.0,1508,8.770588235294118,8.788235294117648,8.870588235294118,544,557.0,578,3.2,3.276470588235294,3.4,33960,34000.0,34040,200.0,80,0.47058823529411764,2086,12.270588235294118,31914,187.72941176470587,6.135294117647059,0,PASS
1,33,descending,1,1,3,2,3,5,3,3000,170000000,34000,200.0,788,789.0,796,4.635294117647059,4.641176470588236,4.682352941176471,1491,1494.3333333333333,1508,8.770588235294118,8.790196078431372,8.870588235294118,544,557.3333333333334,595,3.2,3.27843137254902,3.5,33960,34000.0,34040,200.0,80,0.47058823529411764,2103,12.370588235294118,31897,187.62941176470588,6.185294117647059,0,PASS
1,34,descending,1,1,4,1,3,5,3,3000,170000000,34000,200.0,788,789.0,796,4.635294117647059,4.641176470588236,4.682352941176471,1491,1494.0,1508,8.770588235294118,8.788235294117648,8.870588235294118,544,557.0,595,3.2,3.276470588235294,3.5,33957,34000.0,34040,200.0,83,0.48823529411764705,2103,12.370588235294118,31897,187.62941176470588,6.185294117647059,0,PASS
1,35,descending,1,1,5,0,3,5,3,3000,170000000,34000,200.0,788,789.0,796,4.635294117647059,4.641176470588236,4.682352941176471,1491,1494.3333333333333,1508,8.770588235294118,8.790196078431372,8.870588235294118,527,557.3333333333334,595,3.1,3.27843137254902,3.5,33960,34000.0,34054,200.0,94,0.5529411764705883,2103,12.370588235294118,31897,187.62941176470588,6.185294117647059,0,PASS
1,36,descending,-1,-1,0,5,3,5,3,3000,170000000,34000,200.0,797,798.0,803,4.688235294117647,4.694117647058824,4.723529411764706,1509,1512.0,1524,8.876470588235295,8.894117647058824,8.964705882352941,544,557.3333333333334,595,3.2,3.27843137254902,3.5,33960,34000.0,34042,200.0,82,0.4823529411764706,2119,12.464705882352941,31881,187.53529411764706,6.232352941176471,0,PASS
1,37,descending,-1,-1,1,4,3,5,3,3000,170000000,34000,200.0,797,798.0,803,4.688235294117647,4.694117647058824,4.723529411764706,1509,1512.0,1524,8.876470588235295,8.894117647058824,8.964705882352941,544,557.0,595,3.2,3.276470588235294,3.5,33956,34000.0,34040,200.0,84,0.49411764705882355,2119,12.464705882352941,31881,187.53529411764706,6.232352941176471,0,PASS
1,38,descending,-1,-1,2,3,3,5,3,3000,170000000,34000,200.0,797,798.0,803,4.688235294117647,4.694117647058824,4.723529411764706,1509,1512.0,1524,8.876470588235295,8.894117647058824,8.964705882352941,544,557.3333333333334,595,3.2,3.27843137254902,3.5,33960,34000.0,34041,200.0,81,0.4764705882352941,2119,12.464705882352941,31881,187.53529411764706,6.232352941176471,0,PASS
1,39,descending,-1,-1,3,2,3,5,3,3000,170000000,34000,200.0,797,798.0,803,4.688235294117647,4.694117647058824,4.723529411764706,1509,1512.0,1524,8.876470588235295,8.894117647058824,8.964705882352941,544,557.0,578,3.2,3.276470588235294,3.4,33953,34000.0,34044,200.0,91,0.5352941176470588,2102,12.364705882352942,31898,187.63529411764705,6.182352941176471,0,PASS
1,40,descending,-1,-1,4,1,3,5,3,3000,170000000,34000,200.0,797,798.0,803,4.688235294117647,4.694117647058824,4.723529411764706,1509,1512.0,1524,8.876470588235295,8.894117647058824,8.964705882352941,544,557.3333333333334,595,3.2,3.27843137254902,3.5,33949,34000.0,34049,200.0,100,0.5882352941176471,2119,12.464705882352941,31881,187.53529411764706,6.232352941176471,0,PASS
1,41,descending,-1,-1,5,0,3,5,3,3000,170000000,34000,200.0,797,798.0,803,4.688235294117647,4.694117647058824,4.723529411764706,1509,1512.0,1524,8.876470588235295,8.894117647058824,8.964705882352941,544,557.3333333333334,595,3.2,3.27843137254902,3.5,33956,34000.0,34043,200.0,87,0.5117647058823529,2119,12.464705882352941,31881,187.53529411764706,6.232352941176471,0,PASS
1,42,descending,1,-1,0,5,3,5,3,3000,170000000,34000,200.0,788,789.0,796,4.635294117647059,4.641176470588236,4.682352941176471,1491,1494.0,1508,8.770588235294118,8.788235294117648,8.870588235294118,544,557.0,578,3.2,3.276470588235294,3.4,33960,34000.0,34048,200.0,88,0.5176470588235295,2086,12.270588235294118,31914,187.72941176470587,6.135294117647059,0,PASS
1,43,descending,1,-1,1,4,3,5,3,3000,170000000,34000,200.0,788,789.0,796,4.635294117647059,4.641176470588236,4.682352941176471,1491,1494.3333333333333,1508,8.770588235294118,8.790196078431372,8.870588235294118,527,557.3333333333334,595,3.1,3.27843137254902,3.5,33955,34000.0,34058,200.0,103,0.6058823529411764,2103,12.370588235294118,31897,187.62941176470588,6.185294117647059,0,PASS
1,44,descending,1,-1,2,3,3,5,3,3000,170000000,34000,200.0,788,789.0,796,4.635294117647059,4.641176470588236,4.682352941176471,1491,1494.0,1508,8.770588235294118,8.788235294117648,8.870588235294118,544,557.0,578,3.2,3.276470588235294,3.4,33960,34000.0,34040,200.0,80,0.47058823529411764,2086,12.270588235294118,31914,187.72941176470587,6.135294117647059,0,PASS
1,45,descending,1,-1,3,2,3,5,3,3000,170000000,34000,200.0,788,789.0,796,4.635294117647059,4.641176470588236,4.682352941176471,1491,1494.3333333333333,1508,8.770588235294118,8.790196078431372,8.870588235294118,544,557.3333333333334,595,3.2,3.27843137254902,3.5,33953,34000.0,34042,200.0,89,0.5235294117647059,2103,12.370588235294118,31897,187.62941176470588,6.185294117647059,0,PASS
1,46,descending,1,-1,4,1,3,5,3,3000,170000000,34000,200.0,788,789.0,796,4.635294117647059,4.641176470588236,4.682352941176471,1491,1494.3333333333333,1508,8.770588235294118,8.790196078431372,8.870588235294118,544,557.3333333333334,578,3.2,3.27843137254902,3.4,33960,34000.0,34040,200.0,80,0.47058823529411764,2086,12.270588235294118,31914,187.72941176470587,6.135294117647059,0,PASS
1,47,descending,1,-1,5,0,3,5,3,3000,170000000,34000,200.0,788,789.0,796,4.635294117647059,4.641176470588236,4.682352941176471,1491,1494.0,1508,8.770588235294118,8.788235294117648,8.870588235294118,544,557.0,578,3.2,3.276470588235294,3.4,33960,34000.0,34040,200.0,80,0.47058823529411764,2086,12.270588235294118,31914,187.72941176470587,6.135294117647059,0,PASS
1,48,descending,-1,1,0,5,3,5,3,3000,170000000,34000,200.0,797,798.0,803,4.688235294117647,4.694117647058824,4.723529411764706,1500,1503.0,1515,8.823529411764707,8.841176470588236,8.911764705882353,544,557.3333333333334,595,3.2,3.27843137254902,3.5,33959,34000.0,34040,200.0,81,0.4764705882352941,2110,12.411764705882353,31890,187.58823529411765,6.205882352941177,0,PASS
1,49,descending,-1,1,1,4,3,5,3,3000,170000000,34000,200.0,797,798.0,803,4.688235294117647,4.694117647058824,4.723529411764706,1500,1503.0,1515,8.823529411764707,8.841176470588236,8.911764705882353,544,557.0,595,3.2,3.276470588235294,3.5,33960,34000.0,34040,200.0,80,0.47058823529411764,2110,12.411764705882353,31890,187.58823529411765,6.205882352941177,0,PASS
1,50,descending,-1,1,2,3,3,5,3,3000,170000000,34000,200.0,797,798.0,803,4.688235294117647,4.694117647058824,4.723529411764706,1500,1503.0,1515,8.823529411764707,8.841176470588236,8.911764705882353,544,557.3333333333334,595,3.2,3.27843137254902,3.5,33960,34000.0,34039,200.0,79,0.4647058823529412,2110,12.411764705882353,31890,187.58823529411765,6.205882352941177,0,PASS
1,51,descending,-1,1,3,2,3,5,3,3000,170000000,34000,200.0,797,798.0,803,4.688235294117647,4.694117647058824,4.723529411764706,1500,1503.0,1515,8.823529411764707,8.841176470588236,8.911764705882353,544,557.3333333333334,595,3.2,3.27843137254902,3.5,33957,34000.0,34040,200.0,83,0.48823529411764705,2110,12.411764705882353,31890,187.58823529411765,6.205882352941177,0,PASS
1,52,descending,-1,1,4,1,3,5,3,3000,170000000,34000,200.0,797,798.0,803,4.688235294117647,4.694117647058824,4.723529411764706,1500,1503.0,1515,8.823529411764707,8.841176470588236,8.911764705882353,544,557.0,595,3.2,3.276470588235294,3.5,33960,34000.0,34058,200.0,98,0.5764705882352941,2110,12.411764705882353,31890,187.58823529411765,6.205882352941177,0,PASS
1,53,descending,-1,1,5,0,3,5,3,3000,170000000,34000,200.0,797,798.0,803,4.688235294117647,4.694117647058824,4.723529411764706,1500,1503.0,1515,8.823529411764707,8.841176470588236,8.911764705882353,544,557.3333333333334,595,3.2,3.27843137254902,3.5,33960,34000.0,34044,200.0,84,0.49411764705882355,2110,12.411764705882353,31890,187.58823529411765,6.205882352941177,0,PASS
1,54,descending,0,0,0,5,3,5,3,3000,170000000,34000,200.0,788,789.0,796,4.635294117647059,4.641176470588236,4.682352941176471,1491,1494.0,1508,8.770588235294118,8.788235294117648,8.870588235294118,544,557.0,595,3.2,3.276470588235294,3.5,33960,34000.0,34040,200.0,80,0.47058823529411764,2103,12.370588235294118,31897,187.62941176470588,6.185294117647059,0,PASS
1,55,descending,0,0,1,4,3,5,3,3000,170000000,34000,200.0,788,789.0,796,4.635294117647059,4.641176470588236,4.682352941176471,1491,1494.3333333333333,1508,8.770588235294118,8.790196078431372,8.870588235294118,544,557.3333333333334,595,3.2,3.27843137254902,3.5,33960,34000.0,34042,200.0,82,0.4823529411764706,2103,12.370588235294118,31897,187.62941176470588,6.185294117647059,0,PASS
1,56,descending,0,0,2,3,3,5,3,3000,170000000,34000,200.0,788,789.0,796,4.635294117647059,4.641176470588236,4.682352941176471,1491,1494.3333333333333,1508,8.770588235294118,8.790196078431372,8.870588235294118,544,557.3333333333334,595,3.2,3.27843137254902,3.5,33960,34000.0,34040,200.0,80,0.47058823529411764,2103,12.370588235294118,31897,187.62941176470588,6.185294117647059,0,PASS
1,57,descending,0,0,3,2,3,5,3,3000,170000000,34000,200.0,788,789.0,796,4.635294117647059,4.641176470588236,4.682352941176471,1491,1494.0,1508,8.770588235294118,8.788235294117648,8.870588235294118,544,557.0,578,3.2,3.276470588235294,3.4,33960,34000.0,34040,200.0,80,0.47058823529411764,2086,12.270588235294118,31914,187.72941176470587,6.135294117647059,0,PASS
1,58,descending,0,0,4,1,3,5,3,3000,170000000,34000,200.0,788,789.0,796,4.635294117647059,4.641176470588236,4.682352941176471,1491,1494.3333333333333,1508,8.770588235294118,8.790196078431372,8.870588235294118,544,557.3333333333334,595,3.2,3.27843137254902,3.5,33960,34000.0,34040,200.0,80,0.47058823529411764,2103,12.370588235294118,31897,187.62941176470588,6.185294117647059,0,PASS
1,59,descending,0,0,5,0,3,5,3,3000,170000000,34000,200.0,788,789.0,796,4.635294117647059,4.641176470588236,4.682352941176471,1491,1494.0,1508,8.770588235294118,8.788235294117648,8.870588235294118,544,557.0,578,3.2,3.276470588235294,3.4,33960,34000.0,34040,200.0,80,0.47058823529411764,2086,12.270588235294118,31914,187.72941176470587,6.135294117647059,0,PASS
1,60,equal,1,1,0,5,3,5,3,3000,170000000,34000,200.0,743,744.0,751,4.370588235294117,4.376470588235295,4.41764705882353,1446,1449.3333333333333,1463,8.505882352941176,8.525490196078431,8.605882352941176,544,557.3333333333334,595,3.2,3.27843137254902,3.5,33960,34000.0,34040,200.0,80,0.47058823529411764,2058,12.105882352941176,31942,187.89411764705883,6.052941176470588,0,PASS
1,61,equal,1,1,1,4,3,5,3,3000,170000000,34000,200.0,743,744.0,751,4.370588235294117,4.376470588235295,4.41764705882353,1446,1449.3333333333333,1463,8.505882352941176,8.525490196078431,8.605882352941176,544,557.3333333333334,595,3.2,3.27843137254902,3.5,33960,34000.0,34040,200.0,80,0.47058823529411764,2058,12.105882352941176,31942,187.89411764705883,6.052941176470588,0,PASS
1,62,equal,1,1,2,3,3,5,3,3000,170000000,34000,200.0,743,744.0,751,4.370588235294117,4.376470588235295,4.41764705882353,1446,1449.0,1463,8.505882352941176,8.523529411764706,8.605882352941176,544,557.0,578,3.2,3.276470588235294,3.4,33958,34000.0,34049,200.0,91,0.5352941176470588,2041,12.005882352941176,31959,187.99411764705883,6.002941176470588,0,PASS
1,63,equal,1,1,3,2,3,5,3,3000,170000000,34000,200.0,743,744.0,751,4.370588235294117,4.376470588235295,4.41764705882353,1446,1449.3333333333333,1463,8.505882352941176,8.525490196078431,8.605882352941176,544,557.3333333333334,595,3.2,3.27843137254902,3.5,33960,34000.0,34040,200.0,80,0.47058823529411764,2058,12.105882352941176,31942,187.89411764705883,6.052941176470588,0,PASS
1,64,equal,1,1,4,1,3,5,3,3000,170000000,34000,200.0,743,744.0,751,4.370588235294117,4.376470588235295,4.41764705882353,1446,1449.0,1463,8.505882352941176,8.523529411764706,8.605882352941176,544,557.0,578,3.2,3.276470588235294,3.4,33960,34000.0,34047,200.0,87,0.5117647058823529,2041,12.005882352941176,31959,187.99411764705883,6.002941176470588,0,PASS
1,65,equal,1,1,5,0,3,5,3,3000,170000000,34000,200.0,743,744.0,751,4.370588235294117,4.376470588235295,4.41764705882353,1446,1449.3333333333333,1463,8.505882352941176,8.525490196078431,8.605882352941176,544,557.3333333333334,595,3.2,3.27843137254902,3.5,33960,34000.0,34040,200.0,80,0.47058823529411764,2058,12.105882352941176,31942,187.89411764705883,6.052941176470588,0,PASS
1,66,equal,-1,-1,0,5,3,5,3,3000,170000000,34000,200.0,752,753.3333333333334,758,4.423529411764706,4.431372549019608,4.458823529411765,1464,1468.3333333333333,1479,8.611764705882353,8.637254901960784,8.7,527,558.3333333333334,595,3.1,3.2843137254901964,3.5,33956,34000.0,34050,200.0,94,0.5529411764705883,2074,12.2,31926,187.8,6.1,0,PASS
1,67,equal,-1,-1,1,4,3,5,3,3000,170000000,34000,200.0,752,753.0,758,4.423529411764706,4.429411764705883,4.458823529411765,1464,1467.0,1479,8.611764705882353,8.629411764705882,8.7,527,556.6666666666666,578,3.1,3.2745098039215685,3.4,33956,33999.666666666664,34040,199.99803921568625,84,0.49411764705882355,2057,12.1,31943,187.9,6.05,0,PASS
1,68,equal,-1,-1,2,3,3,5,3,3000,170000000,34000,200.0,752,753.0,758,4.423529411764706,4.429411764705883,4.458823529411765,1464,1467.0,1479,8.611764705882353,8.629411764705882,8.7,527,557.3333333333334,578,3.1,3.27843137254902,3.4,33955,34000.0,34045,200.0,90,0.5294117647058824,2057,12.1,31943,187.9,6.05,0,PASS
1,69,equal,-1,-1,3,2,3,5,3,3000,170000000,34000,200.0,752,753.0,758,4.423529411764706,4.429411764705883,4.458823529411765,1464,1467.0,1479,8.611764705882353,8.629411764705882,8.7,544,557.0,578,3.2,3.276470588235294,3.4,33959,34000.0,34044,200.0,85,0.5,2057,12.1,31943,187.9,6.05,0,PASS
1,70,equal,-1,-1,4,1,3,5,3,3000,170000000,34000,200.0,752,753.0,758,4.423529411764706,4.429411764705883,4.458823529411765,1464,1467.0,1479,8.611764705882353,8.629411764705882,8.7,544,557.3333333333334,578,3.2,3.27843137254902,3.4,33960,34000.0,34040,200.0,80,0.47058823529411764,2057,12.1,31943,187.9,6.05,0,PASS
1,71,equal,-1,-1,5,0,3,5,3,3000,170000000,34000,200.0,752,753.0,758,4.423529411764706,4.429411764705883,4.458823529411765,1464,1467.0,1479,8.611764705882353,8.629411764705882,8.7,544,557.3333333333334,595,3.2,3.27843137254902,3.5,33960,34000.0,34041,200.0,81,0.4764705882352941,2074,12.2,31926,187.8,6.1,0,PASS
1,72,equal,1,-1,0,5,3,5,3,3000,170000000,34000,200.0,743,744.0,751,4.370588235294117,4.376470588235295,4.41764705882353,1446,1449.0,1463,8.505882352941176,8.523529411764706,8.605882352941176,544,557.0,578,3.2,3.276470588235294,3.4,33960,34000.0,34040,200.0,80,0.47058823529411764,2041,12.005882352941176,31959,187.99411764705883,6.002941176470588,0,PASS
1,73,equal,1,-1,1,4,3,5,3,3000,170000000,34000,200.0,743,744.0,751,4.370588235294117,4.376470588235295,4.41764705882353,1446,1449.3333333333333,1463,8.505882352941176,8.525490196078431,8.605882352941176,544,557.3333333333334,595,3.2,3.27843137254902,3.5,33944,34000.0,34040,200.0,96,0.5647058823529412,2058,12.105882352941176,31942,187.89411764705883,6.052941176470588,0,PASS
1,74,equal,1,-1,2,3,3,5,3,3000,170000000,34000,200.0,743,744.0,751,4.370588235294117,4.376470588235295,4.41764705882353,1446,1449.0,1463,8.505882352941176,8.523529411764706,8.605882352941176,544,557.0,578,3.2,3.276470588235294,3.4,33960,34000.0,34040,200.0,80,0.47058823529411764,2041,12.005882352941176,31959,187.99411764705883,6.002941176470588,0,PASS
1,75,equal,1,-1,3,2,3,5,3,3000,170000000,34000,200.0,743,744.0,751,4.370588235294117,4.376470588235295,4.41764705882353,1446,1449.3333333333333,1463,8.505882352941176,8.525490196078431,8.605882352941176,544,557.3333333333334,612,3.2,3.27843137254902,3.6,33951,34000.0,34040,200.0,89,0.5235294117647059,2075,12.205882352941176,31925,187.7941176470588,6.102941176470588,0,PASS
1,76,equal,1,-1,4,1,3,5,3,3000,170000000,34000,200.0,743,744.0,751,4.370588235294117,4.376470588235295,4.41764705882353,1446,1449.3333333333333,1463,8.505882352941176,8.525490196078431,8.605882352941176,544,557.3333333333334,595,3.2,3.27843137254902,3.5,33960,34000.0,34040,200.0,80,0.47058823529411764,2058,12.105882352941176,31942,187.89411764705883,6.052941176470588,0,PASS
1,77,equal,1,-1,5,0,3,5,3,3000,170000000,34000,200.0,743,744.0,751,4.370588235294117,4.376470588235295,4.41764705882353,1446,1449.0,1463,8.505882352941176,8.523529411764706,8.605882352941176,544,557.0,595,3.2,3.276470588235294,3.5,33960,34000.0,34040,200.0,80,0.47058823529411764,2058,12.105882352941176,31942,187.89411764705883,6.052941176470588,0,PASS
1,78,equal,-1,1,0,5,3,5,3,3000,170000000,34000,200.0,752,753.0,758,4.423529411764706,4.429411764705883,4.458823529411765,1455,1458.0,1470,8.558823529411764,8.576470588235294,8.647058823529411,544,557.3333333333334,595,3.2,3.27843137254902,3.5,33949,34000.0,34040,200.0,91,0.5352941176470588,2065,12.147058823529411,31935,187.85294117647058,6.0735294117647065,0,PASS
1,79,equal,-1,1,1,4,3,5,3,3000,170000000,34000,200.0,752,753.0,758,4.423529411764706,4.429411764705883,4.458823529411765,1455,1458.0,1470,8.558823529411764,8.576470588235294,8.647058823529411,544,557.0,578,3.2,3.276470588235294,3.4,33960,34000.0,34040,200.0,80,0.47058823529411764,2048,12.047058823529412,31952,187.95294117647057,6.023529411764706,0,PASS
1,80,equal,-1,1,2,3,3,5,3,3000,170000000,34000,200.0,752,753.0,758,4.423529411764706,4.429411764705883,4.458823529411765,1455,1458.0,1470,8.558823529411764,8.576470588235294,8.647058823529411,544,557.3333333333334,595,3.2,3.27843137254902,3.5,33960,34000.0,34040,200.0,80,0.47058823529411764,2065,12.147058823529411,31935,187.85294117647058,6.0735294117647065,0,PASS
1,81,equal,-1,1,3,2,3,5,3,3000,170000000,34000,200.0,752,753.0,758,4.423529411764706,4.429411764705883,4.458823529411765,1455,1458.0,1470,8.558823529411764,8.576470588235294,8.647058823529411,544,557.3333333333334,595,3.2,3.27843137254902,3.5,33960,34000.0,34041,200.0,81,0.4764705882352941,2065,12.147058823529411,31935,187.85294117647058,6.0735294117647065,0,PASS
1,82,equal,-1,1,4,1,3,5,3,3000,170000000,34000,200.0,752,753.0,758,4.423529411764706,4.429411764705883,4.458823529411765,1455,1458.0,1470,8.558823529411764,8.576470588235294,8.647058823529411,544,557.0,595,3.2,3.276470588235294,3.5,33956,34000.0,34056,200.0,100,0.5882352941176471,2065,12.147058823529411,31935,187.85294117647058,6.0735294117647065,0,PASS
1,83,equal,-1,1,5,0,3,5,3,3000,170000000,34000,200.0,752,753.0,758,4.423529411764706,4.429411764705883,4.458823529411765,1455,1458.0,1470,8.558823529411764,8.576470588235294,8.647058823529411,544,557.3333333333334,595,3.2,3.27843137254902,3.5,33960,34000.0,34044,200.0,84,0.49411764705882355,2065,12.147058823529411,31935,187.85294117647058,6.0735294117647065,0,PASS
1,84,equal,0,0,0,5,3,5,3,3000,170000000,34000,200.0,743,744.0,751,4.370588235294117,4.376470588235295,4.41764705882353,1446,1449.0,1463,8.505882352941176,8.523529411764706,8.605882352941176,544,557.0,578,3.2,3.276470588235294,3.4,33959,34000.0,34046,200.0,87,0.5117647058823529,2041,12.005882352941176,31959,187.99411764705883,6.002941176470588,0,PASS
1,85,equal,0,0,1,4,3,5,3,3000,170000000,34000,200.0,743,744.0,751,4.370588235294117,4.376470588235295,4.41764705882353,1446,1449.3333333333333,1463,8.505882352941176,8.525490196078431,8.605882352941176,527,557.3333333333334,578,3.1,3.27843137254902,3.4,33959,34000.0,34045,200.0,86,0.5058823529411764,2041,12.005882352941176,31959,187.99411764705883,6.002941176470588,0,PASS
1,86,equal,0,0,2,3,3,5,3,3000,170000000,34000,200.0,743,744.0,751,4.370588235294117,4.376470588235295,4.41764705882353,1446,1449.3333333333333,1463,8.505882352941176,8.525490196078431,8.605882352941176,544,557.3333333333334,595,3.2,3.27843137254902,3.5,33960,34000.0,34044,200.0,84,0.49411764705882355,2058,12.105882352941176,31942,187.89411764705883,6.052941176470588,0,PASS
1,87,equal,0,0,3,2,3,5,3,3000,170000000,34000,200.0,743,744.0,751,4.370588235294117,4.376470588235295,4.41764705882353,1446,1449.0,1463,8.505882352941176,8.523529411764706,8.605882352941176,544,557.0,578,3.2,3.276470588235294,3.4,33960,34000.0,34040,200.0,80,0.47058823529411764,2041,12.005882352941176,31959,187.99411764705883,6.002941176470588,0,PASS
1,88,equal,0,0,4,1,3,5,3,3000,170000000,34000,200.0,743,744.0,751,4.370588235294117,4.376470588235295,4.41764705882353,1446,1449.3333333333333,1463,8.505882352941176,8.525490196078431,8.605882352941176,544,557.3333333333334,595,3.2,3.27843137254902,3.5,33960,34000.0,34041,200.0,81,0.4764705882352941,2058,12.105882352941176,31942,187.89411764705883,6.052941176470588,0,PASS
1,89,equal,0,0,5,0,3,5,3,3000,170000000,34000,200.0,743,744.0,751,4.370588235294117,4.376470588235295,4.41764705882353,1446,1449.0,1463,8.505882352941176,8.523529411764706,8.605882352941176,544,557.0,578,3.2,3.276470588235294,3.4,33960,34000.0,34040,200.0,80,0.47058823529411764,2041,12.005882352941176,31959,187.99411764705883,6.002941176470588,0,PASS
1,90,ties,1,1,0,5,3,5,3,3000,170000000,34000,200.0,753,754.0,761,4.429411764705883,4.435294117647059,4.476470588235294,1456,1459.3333333333333,1473,8.564705882352941,8.584313725490196,8.66470588235294,544,557.3333333333334,595,3.2,3.27843137254902,3.5,33949,34000.0,34040,200.0,91,0.5352941176470588,2068,12.16470588235294,31932,187.83529411764707,6.08235294117647,0,PASS
1,91,ties,1,1,1,4,3,5,3,3000,170000000,34000,200.0,753,754.0,761,4.429411764705883,4.435294117647059,4.476470588235294,1456,1459.3333333333333,1473,8.564705882352941,8.584313725490196,8.66470588235294,544,557.3333333333334,578,3.2,3.27843137254902,3.4,33960,34000.0,34040,200.0,80,0.47058823529411764,2051,12.064705882352941,31949,187.93529411764706,6.0323529411764705,0,PASS
1,92,ties,1,1,2,3,3,5,3,3000,170000000,34000,200.0,753,754.0,761,4.429411764705883,4.435294117647059,4.476470588235294,1456,1459.0,1473,8.564705882352941,8.58235294117647,8.66470588235294,544,557.0,578,3.2,3.276470588235294,3.4,33960,34000.0,34039,200.0,79,0.4647058823529412,2051,12.064705882352941,31949,187.93529411764706,6.0323529411764705,0,PASS
1,93,ties,1,1,3,2,3,5,3,3000,170000000,34000,200.0,753,754.0,761,4.429411764705883,4.435294117647059,4.476470588235294,1456,1459.3333333333333,1473,8.564705882352941,8.584313725490196,8.66470588235294,544,557.3333333333334,595,3.2,3.27843137254902,3.5,33960,34000.0,34044,200.0,84,0.49411764705882355,2068,12.16470588235294,31932,187.83529411764707,6.08235294117647,0,PASS
1,94,ties,1,1,4,1,3,5,3,3000,170000000,34000,200.0,753,754.0,761,4.429411764705883,4.435294117647059,4.476470588235294,1456,1459.0,1473,8.564705882352941,8.58235294117647,8.66470588235294,544,557.0,578,3.2,3.276470588235294,3.4,33960,34000.0,34040,200.0,80,0.47058823529411764,2051,12.064705882352941,31949,187.93529411764706,6.0323529411764705,0,PASS
1,95,ties,1,1,5,0,3,5,3,3000,170000000,34000,200.0,753,754.0,761,4.429411764705883,4.435294117647059,4.476470588235294,1456,1459.3333333333333,1473,8.564705882352941,8.584313725490196,8.66470588235294,544,557.3333333333334,595,3.2,3.27843137254902,3.5,33949,34000.0,34045,200.0,96,0.5647058823529412,2068,12.16470588235294,31932,187.83529411764707,6.08235294117647,0,PASS
1,96,ties,-1,-1,0,5,3,5,3,3000,170000000,34000,200.0,762,763.0,768,4.482352941176471,4.488235294117647,4.517647058823529,1474,1477.0,1489,8.670588235294117,8.688235294117646,8.758823529411766,544,557.3333333333334,595,3.2,3.27843137254902,3.5,33957,34000.0,34054,200.0,97,0.5705882352941176,2084,12.258823529411766,31916,187.74117647058824,6.129411764705883,0,PASS
1,97,ties,-1,-1,1,4,3,5,3,3000,170000000,34000,200.0,762,763.0,768,4.482352941176471,4.488235294117647,4.517647058823529,1474,1477.0,1489,8.670588235294117,8.688235294117646,8.758823529411766,544,557.0,578,3.2,3.276470588235294,3.4,33960,34000.0,34044,200.0,84,0.49411764705882355,2067,12.158823529411764,31933,187.84117647058824,6.079411764705882,0,PASS
1,98,ties,-1,-1,2,3,3,5,3,3000,170000000,34000,200.0,762,763.0,768,4.482352941176471,4.488235294117647,4.517647058823529,1474,1477.0,1489,8.670588235294117,8.688235294117646,8.758823529411766,544,557.3333333333334,595,3.2,3.27843137254902,3.5,33960,34000.0,34044,200.0,84,0.49411764705882355,2084,12.258823529411766,31916,187.74117647058824,6.129411764705883,0,PASS
1,99,ties,-1,-1,3,2,3,5,3,3000,170000000,34000,200.0,762,763.0,768,4.482352941176471,4.488235294117647,4.517647058823529,1474,1477.0,1489,8.670588235294117,8.688235294117646,8.758823529411766,544,557.0,578,3.2,3.276470588235294,3.4,33955,34000.0,34040,200.0,85,0.5,2067,12.158823529411764,31933,187.84117647058824,6.079411764705882,0,PASS
1,100,ties,-1,-1,4,1,3,5,3,3000,170000000,34000,200.0,762,763.0,768,4.482352941176471,4.488235294117647,4.517647058823529,1474,1477.0,1489,8.670588235294117,8.688235294117646,8.758823529411766,544,557.3333333333334,595,3.2,3.27843137254902,3.5,33960,34000.0,34040,200.0,80,0.47058823529411764,2084,12.258823529411766,31916,187.74117647058824,6.129411764705883,0,PASS
1,101,ties,-1,-1,5,0,3,5,3,3000,170000000,34000,200.0,762,763.0,768,4.482352941176471,4.488235294117647,4.517647058823529,1474,1477.0,1489,8.670588235294117,8.688235294117646,8.758823529411766,544,557.3333333333334,578,3.2,3.27843137254902,3.4,33960,34000.0,34042,200.0,82,0.4823529411764706,2067,12.158823529411764,31933,187.84117647058824,6.079411764705882,0,PASS
1,102,ties,1,-1,0,5,3,5,3,3000,170000000,34000,200.0,753,754.0,761,4.429411764705883,4.435294117647059,4.476470588235294,1456,1459.0,1473,8.564705882352941,8.58235294117647,8.66470588235294,544,557.0,578,3.2,3.276470588235294,3.4,33960,34000.0,34040,200.0,80,0.47058823529411764,2051,12.064705882352941,31949,187.93529411764706,6.0323529411764705,0,PASS
1,103,ties,1,-1,1,4,3,5,3,3000,170000000,34000,200.0,753,754.0,761,4.429411764705883,4.435294117647059,4.476470588235294,1456,1459.3333333333333,1473,8.564705882352941,8.584313725490196,8.66470588235294,527,557.3333333333334,595,3.1,3.27843137254902,3.5,33949,34000.0,34048,200.0,99,0.5823529411764706,2068,12.16470588235294,31932,187.83529411764707,6.08235294117647,0,PASS
1,104,ties,1,-1,2,3,3,5,3,3000,170000000,34000,200.0,753,754.0,761,4.429411764705883,4.435294117647059,4.476470588235294,1456,1459.0,1473,8.564705882352941,8.58235294117647,8.66470588235294,544,557.0,578,3.2,3.276470588235294,3.4,33960,33999.666666666664,34040,199.99803921568625,80,0.47058823529411764,2051,12.064705882352941,31949,187.93529411764706,6.0323529411764705,0,PASS
1,105,ties,1,-1,3,2,3,5,3,3000,170000000,34000,200.0,753,754.0,761,4.429411764705883,4.435294117647059,4.476470588235294,1456,1459.3333333333333,1473,8.564705882352941,8.584313725490196,8.66470588235294,544,557.3333333333334,595,3.2,3.27843137254902,3.5,33960,34000.0,34040,200.0,80,0.47058823529411764,2068,12.16470588235294,31932,187.83529411764707,6.08235294117647,0,PASS
1,106,ties,1,-1,4,1,3,5,3,3000,170000000,34000,200.0,753,754.0,761,4.429411764705883,4.435294117647059,4.476470588235294,1456,1459.3333333333333,1473,8.564705882352941,8.584313725490196,8.66470588235294,544,557.3333333333334,595,3.2,3.27843137254902,3.5,33960,34000.0,34040,200.0,80,0.47058823529411764,2068,12.16470588235294,31932,187.83529411764707,6.08235294117647,0,PASS
1,107,ties,1,-1,5,0,3,5,3,3000,170000000,34000,200.0,753,754.0,761,4.429411764705883,4.435294117647059,4.476470588235294,1456,1459.0,1473,8.564705882352941,8.58235294117647,8.66470588235294,544,557.0,578,3.2,3.276470588235294,3.4,33960,34000.0,34044,200.0,84,0.49411764705882355,2051,12.064705882352941,31949,187.93529411764706,6.0323529411764705,0,PASS
1,108,ties,-1,1,0,5,3,5,3,3000,170000000,34000,200.0,762,763.0,768,4.482352941176471,4.488235294117647,4.517647058823529,1465,1468.0,1480,8.617647058823529,8.635294117647058,8.705882352941176,544,557.3333333333334,595,3.2,3.27843137254902,3.5,33947,34000.0,34040,200.0,93,0.5470588235294118,2075,12.205882352941176,31925,187.7941176470588,6.102941176470588,0,PASS
1,109,ties,-1,1,1,4,3,5,3,3000,170000000,34000,200.0,762,763.0,768,4.482352941176471,4.488235294117647,4.517647058823529,1465,1468.0,1480,8.617647058823529,8.635294117647058,8.705882352941176,544,557.0,578,3.2,3.276470588235294,3.4,33960,34000.0,34040,200.0,80,0.47058823529411764,2058,12.105882352941176,31942,187.89411764705883,6.052941176470588,0,PASS
1,110,ties,-1,1,2,3,3,5,3,3000,170000000,34000,200.0,762,763.0,768,4.482352941176471,4.488235294117647,4.517647058823529,1465,1468.0,1480,8.617647058823529,8.635294117647058,8.705882352941176,544,557.3333333333334,595,3.2,3.27843137254902,3.5,33960,34000.0,34044,200.0,84,0.49411764705882355,2075,12.205882352941176,31925,187.7941176470588,6.102941176470588,0,PASS
1,111,ties,-1,1,3,2,3,5,3,3000,170000000,34000,200.0,762,763.0,768,4.482352941176471,4.488235294117647,4.517647058823529,1465,1468.0,1480,8.617647058823529,8.635294117647058,8.705882352941176,527,557.3333333333334,595,3.1,3.27843137254902,3.5,33954,34000.0,34043,200.0,89,0.5235294117647059,2075,12.205882352941176,31925,187.7941176470588,6.102941176470588,0,PASS
1,112,ties,-1,1,4,1,3,5,3,3000,170000000,34000,200.0,762,763.0,768,4.482352941176471,4.488235294117647,4.517647058823529,1465,1468.0,1480,8.617647058823529,8.635294117647058,8.705882352941176,544,557.0,595,3.2,3.276470588235294,3.5,33944,34000.0,34043,200.0,99,0.5823529411764706,2075,12.205882352941176,31925,187.7941176470588,6.102941176470588,0,PASS
1,113,ties,-1,1,5,0,3,5,3,3000,170000000,34000,200.0,762,763.0,768,4.482352941176471,4.488235294117647,4.517647058823529,1465,1468.0,1480,8.617647058823529,8.635294117647058,8.705882352941176,544,557.3333333333334,595,3.2,3.27843137254902,3.5,33960,34000.0,34042,200.0,82,0.4823529411764706,2075,12.205882352941176,31925,187.7941176470588,6.102941176470588,0,PASS
1,114,ties,0,0,0,5,3,5,3,3000,170000000,34000,200.0,753,754.0,761,4.429411764705883,4.435294117647059,4.476470588235294,1456,1459.0,1473,8.564705882352941,8.58235294117647,8.66470588235294,544,557.0,578,3.2,3.276470588235294,3.4,33960,34000.0,34043,200.0,83,0.48823529411764705,2051,12.064705882352941,31949,187.93529411764706,6.0323529411764705,0,PASS
1,115,ties,0,0,1,4,3,5,3,3000,170000000,34000,200.0,753,754.0,761,4.429411764705883,4.435294117647059,4.476470588235294,1456,1459.3333333333333,1473,8.564705882352941,8.584313725490196,8.66470588235294,544,557.3333333333334,595,3.2,3.27843137254902,3.5,33960,34000.0,34040,200.0,80,0.47058823529411764,2068,12.16470588235294,31932,187.83529411764707,6.08235294117647,0,PASS
1,116,ties,0,0,2,3,3,5,3,3000,170000000,34000,200.0,753,754.0,761,4.429411764705883,4.435294117647059,4.476470588235294,1456,1459.3333333333333,1473,8.564705882352941,8.584313725490196,8.66470588235294,544,557.3333333333334,595,3.2,3.27843137254902,3.5,33950,34000.0,34044,200.0,94,0.5529411764705883,2068,12.16470588235294,31932,187.83529411764707,6.08235294117647,0,PASS
1,117,ties,0,0,3,2,3,5,3,3000,170000000,34000,200.0,753,754.0,761,4.429411764705883,4.435294117647059,4.476470588235294,1456,1459.0,1473,8.564705882352941,8.58235294117647,8.66470588235294,527,557.0,578,3.1,3.276470588235294,3.4,33960,34000.0,34044,200.0,84,0.49411764705882355,2051,12.064705882352941,31949,187.93529411764706,6.0323529411764705,0,PASS
1,118,ties,0,0,4,1,3,5,3,3000,170000000,34000,200.0,753,754.0,761,4.429411764705883,4.435294117647059,4.476470588235294,1456,1459.3333333333333,1473,8.564705882352941,8.584313725490196,8.66470588235294,527,557.3333333333334,595,3.1,3.27843137254902,3.5,33950,34000.0,34048,200.0,98,0.5764705882352941,2068,12.16470588235294,31932,187.83529411764707,6.08235294117647,0,PASS
1,119,ties,0,0,5,0,3,5,3,3000,170000000,34000,200.0,753,754.0,761,4.429411764705883,4.435294117647059,4.476470588235294,1456,1459.0,1473,8.564705882352941,8.58235294117647,8.66470588235294,544,557.0,578,3.2,3.276470588235294,3.4,33960,34000.0,34040,200.0,80,0.47058823529411764,2051,12.064705882352941,31949,187.93529411764706,6.0323529411764705,0,PASS
1,120,alternating,1,1,0,5,3,5,3,3000,170000000,34000,200.0,763,764.0,771,4.488235294117647,4.4941176470588236,4.535294117647059,1466,1469.3333333333333,1483,8.623529411764705,8.64313725490196,8.723529411764705,527,557.3333333333334,595,3.1,3.27843137254902,3.5,33957,34000.0,34047,200.0,90,0.5294117647058824,2078,12.223529411764705,31922,187.7764705882353,6.1117647058823525,0,PASS
1,121,alternating,1,1,1,4,3,5,3,3000,170000000,34000,200.0,763,764.0,771,4.488235294117647,4.4941176470588236,4.535294117647059,1466,1469.3333333333333,1483,8.623529411764705,8.64313725490196,8.723529411764705,544,557.3333333333334,595,3.2,3.27843137254902,3.5,33960,34000.0,34044,200.0,84,0.49411764705882355,2078,12.223529411764705,31922,187.7764705882353,6.1117647058823525,0,PASS
1,122,alternating,1,1,2,3,3,5,3,3000,170000000,34000,200.0,763,764.0,771,4.488235294117647,4.4941176470588236,4.535294117647059,1466,1469.0,1483,8.623529411764705,8.641176470588235,8.723529411764705,544,557.0,578,3.2,3.276470588235294,3.4,33960,34000.0,34040,200.0,80,0.47058823529411764,2061,12.123529411764705,31939,187.8764705882353,6.061764705882353,0,PASS
1,123,alternating,1,1,3,2,3,5,3,3000,170000000,34000,200.0,763,764.0,771,4.488235294117647,4.4941176470588236,4.535294117647059,1466,1469.3333333333333,1483,8.623529411764705,8.64313725490196,8.723529411764705,544,557.3333333333334,595,3.2,3.27843137254902,3.5,33956,34000.0,34040,200.0,84,0.49411764705882355,2078,12.223529411764705,31922,187.7764705882353,6.1117647058823525,0,PASS
1,124,alternating,1,1,4,1,3,5,3,3000,170000000,34000,200.0,763,764.0,771,4.488235294117647,4.4941176470588236,4.535294117647059,1466,1469.0,1483,8.623529411764705,8.641176470588235,8.723529411764705,544,557.0,578,3.2,3.276470588235294,3.4,33960,34000.0,34042,200.0,82,0.4823529411764706,2061,12.123529411764705,31939,187.8764705882353,6.061764705882353,0,PASS
1,125,alternating,1,1,5,0,3,5,3,3000,170000000,34000,200.0,763,764.0,771,4.488235294117647,4.4941176470588236,4.535294117647059,1466,1469.3333333333333,1483,8.623529411764705,8.64313725490196,8.723529411764705,544,557.3333333333334,595,3.2,3.27843137254902,3.5,33960,34000.0,34040,200.0,80,0.47058823529411764,2078,12.223529411764705,31922,187.7764705882353,6.1117647058823525,0,PASS
1,126,alternating,-1,-1,0,5,3,5,3,3000,170000000,34000,200.0,772,773.0,778,4.541176470588235,4.547058823529412,4.576470588235294,1484,1487.0,1499,8.729411764705882,8.74705882352941,8.81764705882353,527,557.3333333333334,595,3.1,3.27843137254902,3.5,33954,34000.0,34058,200.0,104,0.611764705882353,2094,12.31764705882353,31906,187.68235294117648,6.158823529411764,0,PASS
1,127,alternating,-1,-1,1,4,3,5,3,3000,170000000,34000,200.0,772,773.0,778,4.541176470588235,4.547058823529412,4.576470588235294,1484,1487.0,1499,8.729411764705882,8.74705882352941,8.81764705882353,544,557.0,578,3.2,3.276470588235294,3.4,33960,34000.0,34046,200.0,86,0.5058823529411764,2077,12.217647058823529,31923,187.78235294117647,6.108823529411764,0,PASS
1,128,alternating,-1,-1,2,3,3,5,3,3000,170000000,34000,200.0,772,773.0,778,4.541176470588235,4.547058823529412,4.576470588235294,1484,1487.0,1499,8.729411764705882,8.74705882352941,8.81764705882353,544,557.3333333333334,595,3.2,3.27843137254902,3.5,33960,34000.0,34039,200.0,79,0.4647058823529412,2094,12.31764705882353,31906,187.68235294117648,6.158823529411764,0,PASS
1,129,alternating,-1,-1,3,2,3,5,3,3000,170000000,34000,200.0,772,773.0,778,4.541176470588235,4.547058823529412,4.576470588235294,1484,1487.0,1499,8.729411764705882,8.74705882352941,8.81764705882353,544,557.0,595,3.2,3.276470588235294,3.5,33948,34000.0,34049,200.0,101,0.5941176470588235,2094,12.31764705882353,31906,187.68235294117648,6.158823529411764,0,PASS
1,130,alternating,-1,-1,4,1,3,5,3,3000,170000000,34000,200.0,772,773.0,778,4.541176470588235,4.547058823529412,4.576470588235294,1484,1487.0,1499,8.729411764705882,8.74705882352941,8.81764705882353,527,557.3333333333334,578,3.1,3.27843137254902,3.4,33958,34000.0,34040,200.0,82,0.4823529411764706,2077,12.217647058823529,31923,187.78235294117647,6.108823529411764,0,PASS
1,131,alternating,-1,-1,5,0,3,5,3,3000,170000000,34000,200.0,772,773.0,778,4.541176470588235,4.547058823529412,4.576470588235294,1484,1487.0,1499,8.729411764705882,8.74705882352941,8.81764705882353,544,557.3333333333334,578,3.2,3.27843137254902,3.4,33960,34000.0,34040,200.0,80,0.47058823529411764,2077,12.217647058823529,31923,187.78235294117647,6.108823529411764,0,PASS
1,132,alternating,1,-1,0,5,3,5,3,3000,170000000,34000,200.0,763,764.0,771,4.488235294117647,4.4941176470588236,4.535294117647059,1466,1469.0,1483,8.623529411764705,8.641176470588235,8.723529411764705,544,557.0,578,3.2,3.276470588235294,3.4,33960,34000.0,34040,200.0,80,0.47058823529411764,2061,12.123529411764705,31939,187.8764705882353,6.061764705882353,0,PASS
1,133,alternating,1,-1,1,4,3,5,3,3000,170000000,34000,200.0,763,764.0,771,4.488235294117647,4.4941176470588236,4.535294117647059,1466,1469.3333333333333,1483,8.623529411764705,8.64313725490196,8.723529411764705,544,557.3333333333334,595,3.2,3.27843137254902,3.5,33960,34000.0,34040,200.0,80,0.47058823529411764,2078,12.223529411764705,31922,187.7764705882353,6.1117647058823525,0,PASS
1,134,alternating,1,-1,2,3,3,5,3,3000,170000000,34000,200.0,763,765.0,771,4.488235294117647,4.5,4.535294117647059,1466,1470.3333333333333,1483,8.623529411764705,8.649019607843137,8.723529411764705,527,557.6666666666666,578,3.1,3.280392156862745,3.4,33958,34000.0,34047,200.0,89,0.5235294117647059,2061,12.123529411764705,31939,187.8764705882353,6.061764705882353,0,PASS
1,135,alternating,1,-1,3,2,3,5,3,3000,170000000,34000,200.0,763,764.0,771,4.488235294117647,4.4941176470588236,4.535294117647059,1466,1469.3333333333333,1483,8.623529411764705,8.64313725490196,8.723529411764705,527,557.3333333333334,595,3.1,3.27843137254902,3.5,33953,34000.0,34048,200.0,95,0.5588235294117647,2078,12.223529411764705,31922,187.7764705882353,6.1117647058823525,0,PASS
1,136,alternating,1,-1,4,1,3,5,3,3000,170000000,34000,200.0,763,764.0,771,4.488235294117647,4.4941176470588236,4.535294117647059,1466,1469.3333333333333,1483,8.623529411764705,8.64313725490196,8.723529411764705,527,557.3333333333334,595,3.1,3.27843137254902,3.5,33942,34000.0,34060,200.0,118,0.6941176470588235,2078,12.223529411764705,31922,187.7764705882353,6.1117647058823525,0,PASS
1,137,alternating,1,-1,5,0,3,5,3,3000,170000000,34000,200.0,763,764.0,771,4.488235294117647,4.4941176470588236,4.535294117647059,1466,1469.0,1483,8.623529411764705,8.641176470588235,8.723529411764705,544,557.0,578,3.2,3.276470588235294,3.4,33960,34000.0,34040,200.0,80,0.47058823529411764,2061,12.123529411764705,31939,187.8764705882353,6.061764705882353,0,PASS
1,138,alternating,-1,1,0,5,3,5,3,3000,170000000,34000,200.0,772,773.0,778,4.541176470588235,4.547058823529412,4.576470588235294,1475,1478.0,1490,8.676470588235293,8.694117647058823,8.764705882352942,544,557.3333333333334,595,3.2,3.27843137254902,3.5,33956,34000.0,34045,200.0,89,0.5235294117647059,2085,12.264705882352942,31915,187.73529411764707,6.132352941176471,0,PASS
1,139,alternating,-1,1,1,4,3,5,3,3000,170000000,34000,200.0,772,773.0,778,4.541176470588235,4.547058823529412,4.576470588235294,1475,1478.0,1490,8.676470588235293,8.694117647058823,8.764705882352942,544,557.0,578,3.2,3.276470588235294,3.4,33960,34000.0,34042,200.0,82,0.4823529411764706,2068,12.16470588235294,31932,187.83529411764707,6.08235294117647,0,PASS
1,140,alternating,-1,1,2,3,3,5,3,3000,170000000,34000,200.0,772,773.0,778,4.541176470588235,4.547058823529412,4.576470588235294,1475,1478.0,1490,8.676470588235293,8.694117647058823,8.764705882352942,544,557.3333333333334,595,3.2,3.27843137254902,3.5,33951,34000.0,34042,200.0,91,0.5352941176470588,2085,12.264705882352942,31915,187.73529411764707,6.132352941176471,0,PASS
1,141,alternating,-1,1,3,2,3,5,3,3000,170000000,34000,200.0,772,773.0,778,4.541176470588235,4.547058823529412,4.576470588235294,1475,1478.0,1490,8.676470588235293,8.694117647058823,8.764705882352942,544,557.3333333333334,595,3.2,3.27843137254902,3.5,33956,34000.0,34042,200.0,86,0.5058823529411764,2085,12.264705882352942,31915,187.73529411764707,6.132352941176471,0,PASS
1,142,alternating,-1,1,4,1,3,5,3,3000,170000000,34000,200.0,772,773.0,778,4.541176470588235,4.547058823529412,4.576470588235294,1475,1478.0,1490,8.676470588235293,8.694117647058823,8.764705882352942,544,557.0,595,3.2,3.276470588235294,3.5,33957,34000.0,34040,200.0,83,0.48823529411764705,2085,12.264705882352942,31915,187.73529411764707,6.132352941176471,0,PASS
1,143,alternating,-1,1,5,0,3,5,3,3000,170000000,34000,200.0,772,773.0,778,4.541176470588235,4.547058823529412,4.576470588235294,1475,1478.0,1490,8.676470588235293,8.694117647058823,8.764705882352942,544,557.3333333333334,595,3.2,3.27843137254902,3.5,33952,34000.0,34040,200.0,88,0.5176470588235295,2085,12.264705882352942,31915,187.73529411764707,6.132352941176471,0,PASS
1,144,alternating,0,0,0,5,3,5,3,3000,170000000,34000,200.0,763,764.0,771,4.488235294117647,4.4941176470588236,4.535294117647059,1466,1469.0,1483,8.623529411764705,8.641176470588235,8.723529411764705,544,557.0,578,3.2,3.276470588235294,3.4,33960,34000.0,34042,200.0,82,0.4823529411764706,2061,12.123529411764705,31939,187.8764705882353,6.061764705882353,0,PASS
1,145,alternating,0,0,1,4,3,5,3,3000,170000000,34000,200.0,763,764.0,771,4.488235294117647,4.4941176470588236,4.535294117647059,1466,1469.3333333333333,1483,8.623529411764705,8.64313725490196,8.723529411764705,544,557.3333333333334,595,3.2,3.27843137254902,3.5,33958,34000.0,34043,200.0,85,0.5,2078,12.223529411764705,31922,187.7764705882353,6.1117647058823525,0,PASS
1,146,alternating,0,0,2,3,3,5,3,3000,170000000,34000,200.0,763,764.0,771,4.488235294117647,4.4941176470588236,4.535294117647059,1466,1469.3333333333333,1483,8.623529411764705,8.64313725490196,8.723529411764705,544,557.3333333333334,595,3.2,3.27843137254902,3.5,33960,34000.0,34040,200.0,80,0.47058823529411764,2078,12.223529411764705,31922,187.7764705882353,6.1117647058823525,0,PASS
1,147,alternating,0,0,3,2,3,5,3,3000,170000000,34000,200.0,763,764.0,771,4.488235294117647,4.4941176470588236,4.535294117647059,1466,1469.0,1483,8.623529411764705,8.641176470588235,8.723529411764705,544,557.0,578,3.2,3.276470588235294,3.4,33960,34000.0,34040,200.0,80,0.47058823529411764,2061,12.123529411764705,31939,187.8764705882353,6.061764705882353,0,PASS
1,148,alternating,0,0,4,1,3,5,3,3000,170000000,34000,200.0,763,764.0,771,4.488235294117647,4.4941176470588236,4.535294117647059,1466,1469.3333333333333,1483,8.623529411764705,8.64313725490196,8.723529411764705,544,557.3333333333334,595,3.2,3.27843137254902,3.5,33957,34000.0,34044,200.0,87,0.5117647058823529,2078,12.223529411764705,31922,187.7764705882353,6.1117647058823525,0,PASS
1,149,alternating,0,0,5,0,3,5,3,3000,170000000,34000,200.0,763,764.0,771,4.488235294117647,4.4941176470588236,4.535294117647059,1466,1469.0,1483,8.623529411764705,8.641176470588235,8.723529411764705,544,557.0,578,3.2,3.276470588235294,3.4,33956,34000.0,34040,200.0,84,0.49411764705882355,2061,12.123529411764705,31939,187.8764705882353,6.061764705882353,0,PASS
1,150,random,1,1,0,5,3,5,3,3000,170000000,34000,200.0,768,769.0,776,4.517647058823529,4.523529411764706,4.564705882352941,1462,1465.3333333333333,1479,8.6,8.619607843137254,8.7,544,557.3333333333334,595,3.2,3.27843137254902,3.5,33960,34000.0,34040,200.0,80,0.47058823529411764,2074,12.2,31926,187.8,6.1,0,PASS
1,151,random,1,1,1,4,3,5,3,3000,170000000,34000,200.0,768,769.0,776,4.517647058823529,4.523529411764706,4.564705882352941,1462,1465.3333333333333,1479,8.6,8.619607843137254,8.7,544,557.3333333333334,595,3.2,3.27843137254902,3.5,33960,34000.0,34040,200.0,80,0.47058823529411764,2074,12.2,31926,187.8,6.1,0,PASS
1,152,random,1,1,2,3,3,5,3,3000,170000000,34000,200.0,768,769.0,776,4.517647058823529,4.523529411764706,4.564705882352941,1462,1465.0,1479,8.6,8.617647058823529,8.7,544,557.0,578,3.2,3.276470588235294,3.4,33960,34000.0,34040,200.0,80,0.47058823529411764,2057,12.1,31943,187.9,6.05,0,PASS
1,153,random,1,1,3,2,3,5,3,3000,170000000,34000,200.0,768,769.0,776,4.517647058823529,4.523529411764706,4.564705882352941,1462,1465.3333333333333,1479,8.6,8.619607843137254,8.7,527,557.3333333333334,595,3.1,3.27843137254902,3.5,33956,34000.0,34040,200.0,84,0.49411764705882355,2074,12.2,31926,187.8,6.1,0,PASS
1,154,random,1,1,4,1,3,5,3,3000,170000000,34000,200.0,768,769.0,776,4.517647058823529,4.523529411764706,4.564705882352941,1462,1465.0,1479,8.6,8.617647058823529,8.7,544,557.0,578,3.2,3.276470588235294,3.4,33956,34000.0,34040,200.0,84,0.49411764705882355,2057,12.1,31943,187.9,6.05,0,PASS
1,155,random,1,1,5,0,3,5,3,3000,170000000,34000,200.0,768,769.0,776,4.517647058823529,4.523529411764706,4.564705882352941,1462,1465.3333333333333,1479,8.6,8.619607843137254,8.7,544,557.3333333333334,595,3.2,3.27843137254902,3.5,33951,34000.0,34039,200.0,88,0.5176470588235295,2074,12.2,31926,187.8,6.1,0,PASS
1,156,random,-1,-1,0,5,3,5,3,3000,170000000,34000,200.0,777,778.0,783,4.570588235294117,4.576470588235294,4.605882352941176,1480,1483.0,1495,8.705882352941176,8.723529411764705,8.794117647058824,544,557.3333333333334,595,3.2,3.27843137254902,3.5,33960,34000.0,34040,200.0,80,0.47058823529411764,2090,12.294117647058824,31910,187.7058823529412,6.147058823529412,0,PASS
1,157,random,-1,-1,1,4,3,5,3,3000,170000000,34000,200.0,777,778.0,783,4.570588235294117,4.576470588235294,4.605882352941176,1480,1483.0,1495,8.705882352941176,8.723529411764705,8.794117647058824,544,557.0,595,3.2,3.276470588235294,3.5,33960,34000.0,34040,200.0,80,0.47058823529411764,2090,12.294117647058824,31910,187.7058823529412,6.147058823529412,0,PASS
1,158,random,-1,-1,2,3,3,5,3,3000,170000000,34000,200.0,777,778.0,783,4.570588235294117,4.576470588235294,4.605882352941176,1480,1483.0,1495,8.705882352941176,8.723529411764705,8.794117647058824,544,557.3333333333334,595,3.2,3.27843137254902,3.5,33960,34000.0,34040,200.0,80,0.47058823529411764,2090,12.294117647058824,31910,187.7058823529412,6.147058823529412,0,PASS
1,159,random,-1,-1,3,2,3,5,3,3000,170000000,34000,200.0,777,778.0,783,4.570588235294117,4.576470588235294,4.605882352941176,1480,1483.0,1495,8.705882352941176,8.723529411764705,8.794117647058824,544,557.0,595,3.2,3.276470588235294,3.5,33960,34000.0,34040,200.0,80,0.47058823529411764,2090,12.294117647058824,31910,187.7058823529412,6.147058823529412,0,PASS
1,160,random,-1,-1,4,1,3,5,3,3000,170000000,34000,200.0,777,778.0,783,4.570588235294117,4.576470588235294,4.605882352941176,1480,1483.0,1495,8.705882352941176,8.723529411764705,8.794117647058824,544,557.3333333333334,595,3.2,3.27843137254902,3.5,33960,34000.0,34040,200.0,80,0.47058823529411764,2090,12.294117647058824,31910,187.7058823529412,6.147058823529412,0,PASS
1,161,random,-1,-1,5,0,3,5,3,3000,170000000,34000,200.0,777,778.0,783,4.570588235294117,4.576470588235294,4.605882352941176,1480,1483.0,1495,8.705882352941176,8.723529411764705,8.794117647058824,544,557.3333333333334,595,3.2,3.27843137254902,3.5,33960,34000.0,34040,200.0,80,0.47058823529411764,2090,12.294117647058824,31910,187.7058823529412,6.147058823529412,0,PASS
1,162,random,1,-1,0,5,3,5,3,3000,170000000,34000,200.0,768,769.0,776,4.517647058823529,4.523529411764706,4.564705882352941,1462,1465.0,1479,8.6,8.617647058823529,8.7,544,557.0,578,3.2,3.276470588235294,3.4,33960,34000.0,34040,200.0,80,0.47058823529411764,2057,12.1,31943,187.9,6.05,0,PASS
1,163,random,1,-1,1,4,3,5,3,3000,170000000,34000,200.0,768,769.0,776,4.517647058823529,4.523529411764706,4.564705882352941,1462,1465.3333333333333,1479,8.6,8.619607843137254,8.7,544,557.3333333333334,595,3.2,3.27843137254902,3.5,33960,34000.0,34040,200.0,80,0.47058823529411764,2074,12.2,31926,187.8,6.1,0,PASS
1,164,random,1,-1,2,3,3,5,3,3000,170000000,34000,200.0,768,769.0,776,4.517647058823529,4.523529411764706,4.564705882352941,1462,1465.0,1479,8.6,8.617647058823529,8.7,544,557.0,578,3.2,3.276470588235294,3.4,33960,34000.0,34040,200.0,80,0.47058823529411764,2057,12.1,31943,187.9,6.05,0,PASS
1,165,random,1,-1,3,2,3,5,3,3000,170000000,34000,200.0,768,769.0,776,4.517647058823529,4.523529411764706,4.564705882352941,1462,1465.3333333333333,1479,8.6,8.619607843137254,8.7,544,557.3333333333334,595,3.2,3.27843137254902,3.5,33960,34000.0,34043,200.0,83,0.48823529411764705,2074,12.2,31926,187.8,6.1,0,PASS
1,166,random,1,-1,4,1,3,5,3,3000,170000000,34000,200.0,768,769.0,776,4.517647058823529,4.523529411764706,4.564705882352941,1462,1465.3333333333333,1479,8.6,8.619607843137254,8.7,544,557.3333333333334,595,3.2,3.27843137254902,3.5,33958,34000.0,34040,200.0,82,0.4823529411764706,2074,12.2,31926,187.8,6.1,0,PASS
1,167,random,1,-1,5,0,3,5,3,3000,170000000,34000,200.0,768,769.0,776,4.517647058823529,4.523529411764706,4.564705882352941,1462,1465.0,1479,8.6,8.617647058823529,8.7,544,557.0,578,3.2,3.276470588235294,3.4,33960,34000.0,34043,200.0,83,0.48823529411764705,2057,12.1,31943,187.9,6.05,0,PASS
1,168,random,-1,1,0,5,3,5,3,3000,170000000,34000,200.0,777,778.0,783,4.570588235294117,4.576470588235294,4.605882352941176,1471,1474.0,1486,8.652941176470588,8.670588235294117,8.741176470588234,544,557.3333333333334,595,3.2,3.27843137254902,3.5,33954,34000.0,34040,200.0,86,0.5058823529411764,2081,12.241176470588234,31919,187.75882352941176,6.120588235294118,0,PASS
1,169,random,-1,1,1,4,3,5,3,3000,170000000,34000,200.0,777,778.0,783,4.570588235294117,4.576470588235294,4.605882352941176,1471,1474.0,1486,8.652941176470588,8.670588235294117,8.741176470588234,544,557.0,578,3.2,3.276470588235294,3.4,33957,34000.0,34044,200.0,87,0.5117647058823529,2064,12.141176470588235,31936,187.85882352941175,6.070588235294118,0,PASS
1,170,random,-1,1,2,3,3,5,3,3000,170000000,34000,200.0,777,778.0,783,4.570588235294117,4.576470588235294,4.605882352941176,1471,1474.0,1486,8.652941176470588,8.670588235294117,8.741176470588234,527,557.3333333333334,595,3.1,3.27843137254902,3.5,33960,34000.0,34041,200.0,81,0.4764705882352941,2081,12.241176470588234,31919,187.75882352941176,6.120588235294118,0,PASS
1,171,random,-1,1,3,2,3,5,3,3000,170000000,34000,200.0,777,778.0,783,4.570588235294117,4.576470588235294,4.605882352941176,1471,1474.0,1486,8.652941176470588,8.670588235294117,8.741176470588234,544,557.3333333333334,595,3.2,3.27843137254902,3.5,33960,34000.0,34048,200.0,88,0.5176470588235295,2081,12.241176470588234,31919,187.75882352941176,6.120588235294118,0,PASS
1,172,random,-1,1,4,1,3,5,3,3000,170000000,34000,200.0,777,778.0,783,4.570588235294117,4.576470588235294,4.605882352941176,1471,1474.0,1486,8.652941176470588,8.670588235294117,8.741176470588234,544,557.0,578,3.2,3.276470588235294,3.4,33960,34000.0,34042,200.0,82,0.4823529411764706,2064,12.141176470588235,31936,187.85882352941175,6.070588235294118,0,PASS
1,173,random,-1,1,5,0,3,5,3,3000,170000000,34000,200.0,777,778.0,783,4.570588235294117,4.576470588235294,4.605882352941176,1471,1474.0,1486,8.652941176470588,8.670588235294117,8.741176470588234,544,557.3333333333334,595,3.2,3.27843137254902,3.5,33947,34000.0,34040,200.0,93,0.5470588235294118,2081,12.241176470588234,31919,187.75882352941176,6.120588235294118,0,PASS
1,174,random,0,0,0,5,3,5,3,3000,170000000,34000,200.0,768,769.0,776,4.517647058823529,4.523529411764706,4.564705882352941,1462,1465.0,1479,8.6,8.617647058823529,8.7,544,557.0,578,3.2,3.276470588235294,3.4,33960,34000.0,34040,200.0,80,0.47058823529411764,2057,12.1,31943,187.9,6.05,0,PASS
1,175,random,0,0,1,4,3,5,3,3000,170000000,34000,200.0,768,769.0,776,4.517647058823529,4.523529411764706,4.564705882352941,1462,1465.3333333333333,1479,8.6,8.619607843137254,8.7,544,557.3333333333334,595,3.2,3.27843137254902,3.5,33960,34000.0,34040,200.0,80,0.47058823529411764,2074,12.2,31926,187.8,6.1,0,PASS
1,176,random,0,0,2,3,3,5,3,3000,170000000,34000,200.0,768,769.0,776,4.517647058823529,4.523529411764706,4.564705882352941,1462,1465.3333333333333,1479,8.6,8.619607843137254,8.7,544,557.3333333333334,595,3.2,3.27843137254902,3.5,33960,34000.0,34040,200.0,80,0.47058823529411764,2074,12.2,31926,187.8,6.1,0,PASS
1,177,random,0,0,3,2,3,5,3,3000,170000000,34000,200.0,768,769.0,776,4.517647058823529,4.523529411764706,4.564705882352941,1462,1465.0,1479,8.6,8.617647058823529,8.7,544,557.0,578,3.2,3.276470588235294,3.4,33960,34000.0,34040,200.0,80,0.47058823529411764,2057,12.1,31943,187.9,6.05,0,PASS
1,178,random,0,0,4,1,3,5,3,3000,170000000,34000,200.0,768,769.0,776,4.517647058823529,4.523529411764706,4.564705882352941,1462,1465.3333333333333,1479,8.6,8.619607843137254,8.7,527,557.3333333333334,595,3.1,3.27843137254902,3.5,33954,34000.0,34052,200.0,98,0.5764705882352941,2074,12.2,31926,187.8,6.1,0,PASS
1,179,random,0,0,5,0,3,5,3,3000,170000000,34000,200.0,768,769.0,776,4.517647058823529,4.523529411764706,4.564705882352941,1462,1465.0,1479,8.6,8.617647058823529,8.7,544,557.0,578,3.2,3.276470588235294,3.4,33960,34000.0,34040,200.0,80,0.47058823529411764,2057,12.1,31943,187.9,6.05,0,PASS
