metric,value
mode,2
N,5
batches,20
samples,20000
cpu_hz,170000000
budget_cycles,34000
budget_us,200.000000
t_min_cycles,1734
t_avg_cycles,1741.700000
t_max_cycles,1773
t_min_us,10.200000
t_avg_us,10.245294
t_max_us,10.429412
c_min_cycles,1745
c_avg_cycles,1753.400000
c_max_cycles,1788
c_min_us,10.264706
c_avg_us,10.314118
c_max_us,10.517647
l_min_cycles,323
l_avg_cycles,369.950000
l_max_cycles,612
l_min_us,1.900000
l_avg_us,2.176176
l_max_us,3.600000
period_min_cycles,33732
period_avg_cycles,34000.000000
period_max_cycles,34284
period_avg_us,200.000000
period_jitter_cycles,552
period_jitter_us,3.247059
worst_latency_plus_body_cycles,2400
worst_latency_plus_body_us,14.117647
slack_cycles,31600
slack_us,185.882353
utilization_pct,7.058824
overruns,0
deadline,PASS
